{
  "config": {
    "matches": 6,
    "depth": 3,
    "seed": 42,
    "swap_seats": true,
    "opponent": "greedy",
    "base_seeds": [
      42,
      43,
      44,
      45,
      46,
      47
    ]
  },
  "summary": [
    {
      "strategy": "alpha_beta::linear",
      "matches": 12,
      "wins": 10,
      "losses": 1,
      "draws": 1,
      "win_rate": 0.8333333333333334,
      "avg_turns": 12.833333333333334,
      "std_turns": 2.3677121037112188,
      "avg_point_diff": 5.583333333333333,
      "std_point_diff": 6.707639245101382,
      "avg_nodes": 15.82013888888889,
      "std_nodes": 4.242974641944787,
      "avg_prunes": 2.2232142857142856,
      "std_prunes": 0.4258534242440991,
      "avg_decision_ms": 0.09615041669298484,
      "std_decision_ms": 0.030184311842796595,
      "max_latency_ms": 0.5264999999781139,
      "avg_cpu_ms": 0.2604166666666667,
      "std_cpu_ms": 0.9021097956087902,
      "turns_ci95_low": 11.49367409730095,
      "turns_ci95_high": 14.172992569365718,
      "point_diff_ci95_low": 1.7881291560228756,
      "point_diff_ci95_high": 9.37853751064379
    },
    {
      "strategy": "minimax::linear",
      "matches": 12,
      "wins": 10,
      "losses": 1,
      "draws": 1,
      "win_rate": 0.8333333333333334,
      "avg_turns": 12.833333333333334,
      "std_turns": 2.3677121037112188,
      "avg_point_diff": 5.583333333333333,
      "std_point_diff": 6.707639245101382,
      "avg_nodes": 22.766666666666666,
      "std_nodes": 6.079486122621839,
      "avg_prunes": 0.0,
      "std_prunes": 0.0,
      "avg_decision_ms": 0.14106305556041993,
      "std_decision_ms": 0.04139586721162973,
      "max_latency_ms": 0.8090999999694759,
      "avg_cpu_ms": 0.18601190476190477,
      "std_cpu_ms": 0.6443641397205645,
      "turns_ci95_low": 11.49367409730095,
      "turns_ci95_high": 14.172992569365718,
      "point_diff_ci95_low": 1.7881291560228756,
      "point_diff_ci95_high": 9.37853751064379
    },
    {
      "strategy": "alpha_beta::manhattan",
      "matches": 12,
      "wins": 7,
      "losses": 5,
      "draws": 0,
      "win_rate": 0.5833333333333334,
      "avg_turns": 12.666666666666666,
      "std_turns": 1.7232808737106582,
      "avg_point_diff": -0.3333333333333333,
      "std_point_diff": 7.2655267385014,
      "avg_nodes": 17.296825396825398,
      "std_nodes": 4.045909663663768,
      "avg_prunes": 2.443452380952381,
      "std_prunes": 0.8059330376802343,
      "avg_decision_ms": 0.10386228171323782,
      "std_decision_ms": 0.028072292918167825,
      "max_latency_ms": 0.4504999997152481,
      "avg_cpu_ms": 0.0,
      "std_cpu_ms": 0.0,
      "turns_ci95_low": 11.691628723867007,
      "turns_ci95_high": 13.641704609466325,
      "point_diff_ci95_low": -4.444192075245976,
      "point_diff_ci95_high": 3.7775254085793093
    },
    {
      "strategy": "minimax::manhattan",
      "matches": 12,
      "wins": 7,
      "losses": 5,
      "draws": 0,
      "win_rate": 0.5833333333333334,
      "avg_turns": 12.666666666666666,
      "std_turns": 1.7232808737106582,
      "avg_point_diff": -0.3333333333333333,
      "std_point_diff": 7.2655267385014,
      "avg_nodes": 24.55515873015873,
      "std_nodes": 8.291178836510744,
      "avg_prunes": 0.0,
      "std_prunes": 0.0,
      "avg_decision_ms": 0.15553523812317263,
      "std_decision_ms": 0.05960752950965566,
      "max_latency_ms": 0.8225999999922351,
      "avg_cpu_ms": 0.16276041666666666,
      "std_cpu_ms": 0.563818622255494,
      "turns_ci95_low": 11.691628723867007,
      "turns_ci95_high": 13.641704609466325,
      "point_diff_ci95_low": -4.444192075245976,
      "point_diff_ci95_high": 3.7775254085793093
    },
    {
      "strategy": "alpha_beta::euclidean",
      "matches": 12,
      "wins": 5,
      "losses": 7,
      "draws": 0,
      "win_rate": 0.4166666666666667,
      "avg_turns": 12.333333333333334,
      "std_turns": 1.775250729197189,
      "avg_point_diff": -3.6666666666666665,
      "std_point_diff": 7.877855422677295,
      "avg_nodes": 16.84206349206349,
      "std_nodes": 5.323509363303545,
      "avg_prunes": 2.400099206349206,
      "std_prunes": 0.8013822928196188,
      "avg_decision_ms": 0.10548982144426206,
      "std_decision_ms": 0.036223289422967826,
      "max_latency_ms": 0.48750000041763997,
      "avg_cpu_ms": 0.18601190476190477,
      "std_cpu_ms": 0.6443641397205645,
      "turns_ci95_low": 11.32889067667988,
      "turns_ci95_high": 13.337775989986788,
      "point_diff_ci95_low": -8.123982976607962,
      "point_diff_ci95_high": 0.7906496432746297
    },
    {
      "strategy": "minimax::euclidean",
      "matches": 12,
      "wins": 5,
      "losses": 7,
      "draws": 0,
      "win_rate": 0.4166666666666667,
      "avg_turns": 12.333333333333334,
      "std_turns": 1.775250729197189,
      "avg_point_diff": -3.6666666666666665,
      "std_point_diff": 7.877855422677295,
      "avg_nodes": 24.138690476190476,
      "std_nodes": 8.702761412319232,
      "avg_prunes": 0.0,
      "std_prunes": 0.0,
      "avg_decision_ms": 0.15323323411993198,
      "std_decision_ms": 0.06209162794265548,
      "max_latency_ms": 0.8333000005222857,
      "avg_cpu_ms": 0.21701388888888887,
      "std_cpu_ms": 0.7517581630073251,
      "turns_ci95_low": 11.32889067667988,
      "turns_ci95_high": 13.337775989986788,
      "point_diff_ci95_low": -8.123982976607962,
      "point_diff_ci95_high": 0.7906496432746297
    }
  ]
}