strategy,matches,wins,losses,draws,win_rate,avg_turns,std_turns,avg_point_diff,std_point_diff,avg_nodes,std_nodes,avg_prunes,std_prunes,avg_decision_ms,std_decision_ms,max_latency_ms,avg_cpu_ms,std_cpu_ms,turns_ci95_low,turns_ci95_high,point_diff_ci95_low,point_diff_ci95_high
alpha_beta::linear,12,10,1,1,0.8333333333333334,12.833333333333334,2.3677121037112188,5.583333333333333,6.707639245101382,15.82013888888889,4.242974641944787,2.2232142857142856,0.4258534242440991,0.09492767852670733,0.02855012570434725,0.5168999996385537,0.0,0.0,11.49367409730095,14.172992569365718,1.7881291560228756,9.37853751064379
minimax::linear,12,10,1,1,0.8333333333333334,12.833333333333334,2.3677121037112188,5.583333333333333,6.707639245101382,22.766666666666666,6.079486122621839,0.0,0.0,0.14050306533247764,0.041938459330581206,0.8610000004409812,0.18601190476190477,0.6443641397205645,11.49367409730095,14.172992569365718,1.7881291560228756,9.37853751064379
alpha_beta::manhattan,12,7,5,0,0.5833333333333334,12.666666666666666,1.7232808737106582,-0.3333333333333333,7.2655267385014,17.296825396825398,4.045909663663768,2.443452380952381,0.8059330376802343,0.10509870018022556,0.027633202696072466,0.46320000001287553,0.18601190476190477,0.6443641397205645,11.691628723867007,13.641704609466325,-4.444192075245976,3.7775254085793093
minimax::manhattan,12,7,5,0,0.5833333333333334,12.666666666666666,1.7232808737106582,-0.3333333333333333,7.2655267385014,24.55515873015873,8.291178836510744,0.0,0.0,0.15151085318404425,0.05840241950604381,0.8167999985744245,0.21701388888888887,0.7517581630073251,11.691628723867007,13.641704609466325,-4.444192075245976,3.7775254085793093
alpha_beta::euclidean,12,5,7,0,0.4166666666666667,12.333333333333334,1.775250729197189,-3.6666666666666665,7.877855422677295,16.84206349206349,5.323509363303545,2.400099206349206,0.8013822928196188,0.104322559681285,0.03721775242762158,0.4776999994646758,0.0,0.0,11.32889067667988,13.337775989986788,-8.123982976607962,0.7906496432746297
minimax::euclidean,12,5,7,0,0.4166666666666667,12.333333333333334,1.775250729197189,-3.6666666666666665,7.877855422677295,24.138690476190476,8.702761412319232,0.0,0.0,0.15464879958443137,0.06293095589179519,0.8459000000584638,0.18601190476190477,0.6443641397205645,11.32889067667988,13.337775989986788,-8.123982976607962,0.7906496432746297
