{
  "config": {
    "matches": 6,
    "depth": 3,
    "seed": 42,
    "swap_seats": true,
    "opponent": "greedy",
    "base_seeds": [
      42,
      43,
      44,
      45,
      46,
      47
    ]
  },
  "summary": [
    {
      "strategy": "alpha_beta::linear",
      "matches": 12,
      "wins": 10,
      "losses": 1,
      "draws": 1,
      "win_rate": 0.8333333333333334,
      "avg_turns": 12.833333333333334,
      "std_turns": 2.3677121037112188,
      "avg_point_diff": 5.583333333333333,
      "std_point_diff": 6.707639245101382,
      "avg_nodes": 15.82013888888889,
      "std_nodes": 4.242974641944787,
      "avg_prunes": 2.2232142857142856,
      "std_prunes": 0.4258534242440991,
      "avg_decision_ms": 0.09492767852670733,
      "std_decision_ms": 0.02855012570434725,
      "max_latency_ms": 0.5168999996385537,
      "avg_cpu_ms": 0.0,
      "std_cpu_ms": 0.0,
      "turns_ci95_low": 11.49367409730095,
      "turns_ci95_high": 14.172992569365718,
      "point_diff_ci95_low": 1.7881291560228756,
      "point_diff_ci95_high": 9.37853751064379
    },
    {
      "strategy": "minimax::linear",
      "matches": 12,
      "wins": 10,
      "losses": 1,
      "draws": 1,
      "win_rate": 0.8333333333333334,
      "avg_turns": 12.833333333333334,
      "std_turns": 2.3677121037112188,
      "avg_point_diff": 5.583333333333333,
      "std_point_diff": 6.707639245101382,
      "avg_nodes": 22.766666666666666,
      "std_nodes": 6.079486122621839,
      "avg_prunes": 0.0,
      "std_prunes": 0.0,
      "avg_decision_ms": 0.14050306533247764,
      "std_decision_ms": 0.041938459330581206,
      "max_latency_ms": 0.8610000004409812,
      "avg_cpu_ms": 0.18601190476190477,
      "std_cpu_ms": 0.6443641397205645,
      "turns_ci95_low": 11.49367409730095,
      "turns_ci95_high": 14.172992569365718,
      "point_diff_ci95_low": 1.7881291560228756,
      "point_diff_ci95_high": 9.37853751064379
    },
    {
      "strategy": "alpha_beta::manhattan",
      "matches": 12,
      "wins": 7,
      "losses": 5,
      "draws": 0,
      "win_rate": 0.5833333333333334,
      "avg_turns": 12.666666666666666,
      "std_turns": 1.7232808737106582,
      "avg_point_diff": -0.3333333333333333,
      "std_point_diff": 7.2655267385014,
      "avg_nodes": 17.296825396825398,
      "std_nodes": 4.045909663663768,
      "avg_prunes": 2.443452380952381,
      "std_prunes": 0.8059330376802343,
      "avg_decision_ms": 0.10509870018022556,
      "std_decision_ms": 0.027633202696072466,
      "max_latency_ms": 0.46320000001287553,
      "avg_cpu_ms": 0.18601190476190477,
      "std_cpu_ms": 0.6443641397205645,
      "turns_ci95_low": 11.691628723867007,
      "turns_ci95_high": 13.641704609466325,
      "point_diff_ci95_low": -4.444192075245976,
      "point_diff_ci95_high": 3.7775254085793093
    },
    {
      "strategy": "minimax::manhattan",
      "matches": 12,
      "wins": 7,
      "losses": 5,
      "draws": 0,
      "win_rate": 0.5833333333333334,
      "avg_turns": 12.666666666666666,
      "std_turns": 1.7232808737106582,
      "avg_point_diff": -0.3333333333333333,
      "std_point_diff": 7.2655267385014,
      "avg_nodes": 24.55515873015873,
      "std_nodes": 8.291178836510744,
      "avg_prunes": 0.0,
      "std_prunes": 0.0,
      "avg_decision_ms": 0.15151085318404425,
      "std_decision_ms": 0.05840241950604381,
      "max_latency_ms": 0.8167999985744245,
      "avg_cpu_ms": 0.21701388888888887,
      "std_cpu_ms": 0.7517581630073251,
      "turns_ci95_low": 11.691628723867007,
      "turns_ci95_high": 13.641704609466325,
      "point_diff_ci95_low": -4.444192075245976,
      "point_diff_ci95_high": 3.7775254085793093
    },
    {
      "strategy": "alpha_beta::euclidean",
      "matches": 12,
      "wins": 5,
      "losses": 7,
      "draws": 0,
      "win_rate": 0.4166666666666667,
      "avg_turns": 12.333333333333334,
      "std_turns": 1.775250729197189,
      "avg_point_diff": -3.6666666666666665,
      "std_point_diff": 7.877855422677295,
      "avg_nodes": 16.84206349206349,
      "std_nodes": 5.323509363303545,
      "avg_prunes": 2.400099206349206,
      "std_prunes": 0.8013822928196188,
      "avg_decision_ms": 0.104322559681285,
      "std_decision_ms": 0.03721775242762158,
      "max_latency_ms": 0.4776999994646758,
      "avg_cpu_ms": 0.0,
      "std_cpu_ms": 0.0,
      "turns_ci95_low": 11.32889067667988,
      "turns_ci95_high": 13.337775989986788,
      "point_diff_ci95_low": -8.123982976607962,
      "point_diff_ci95_high": 0.7906496432746297
    },
    {
      "strategy": "minimax::euclidean",
      "matches": 12,
      "wins": 5,
      "losses": 7,
      "draws": 0,
      "win_rate": 0.4166666666666667,
      "avg_turns": 12.333333333333334,
      "std_turns": 1.775250729197189,
      "avg_point_diff": -3.6666666666666665,
      "std_point_diff": 7.877855422677295,
      "avg_nodes": 24.138690476190476,
      "std_nodes": 8.702761412319232,
      "avg_prunes": 0.0,
      "std_prunes": 0.0,
      "avg_decision_ms": 0.15464879958443137,
      "std_decision_ms": 0.06293095589179519,
      "max_latency_ms": 0.8459000000584638,
      "avg_cpu_ms": 0.18601190476190477,
      "std_cpu_ms": 0.6443641397205645,
      "turns_ci95_low": 11.32889067667988,
      "turns_ci95_high": 13.337775989986788,
      "point_diff_ci95_low": -8.123982976607962,
      "point_diff_ci95_high": 0.7906496432746297
    }
  ]
}