{
  "config": {
    "matches": 1,
    "depth": 3,
    "seed": 42,
    "swap_seats": true,
    "opponent": "greedy",
    "base_seeds": [
      42
    ]
  },
  "summary": [
    {
      "strategy": "alpha_beta::linear",
      "matches": 2,
      "wins": 2,
      "losses": 0,
      "draws": 0,
      "win_rate": 1.0,
      "avg_turns": 13.5,
      "std_turns": 0.7071067811865476,
      "avg_point_diff": 8.5,
      "std_point_diff": 3.5355339059327378,
      "avg_nodes": 21.071428571428573,
      "std_nodes": 2.1213203435596424,
      "avg_prunes": 2.2857142857142856,
      "std_prunes": 0.0,
      "avg_decision_ms": 0.13875000013285899,
      "std_decision_ms": 0.0075458395450257315,
      "max_latency_ms": 0.5634999997710111,
      "avg_cpu_ms": 0.0,
      "std_cpu_ms": 0.0,
      "turns_ci95_low": 12.52,
      "turns_ci95_high": 14.48,
      "point_diff_ci95_low": 3.5999999999999996,
      "point_diff_ci95_high": 13.4
    },
    {
      "strategy": "minimax::linear",
      "matches": 2,
      "wins": 2,
      "losses": 0,
      "draws": 0,
      "win_rate": 1.0,
      "avg_turns": 13.5,
      "std_turns": 0.7071067811865476,
      "avg_point_diff": 8.5,
      "std_point_diff": 3.5355339059327378,
      "avg_nodes": 25.57142857142857,
      "std_nodes": 0.4040610178208854,
      "avg_prunes": 0.0,
      "std_prunes": 0.0,
      "avg_decision_ms": 0.15688571413972696,
      "std_decision_ms": 0.01143492687192709,
      "max_latency_ms": 0.6616000000576605,
      "avg_cpu_ms": 0.0,
      "std_cpu_ms": 0.0,
      "turns_ci95_low": 12.52,
      "turns_ci95_high": 14.48,
      "point_diff_ci95_low": 3.5999999999999996,
      "point_diff_ci95_high": 13.4
    },
    {
      "strategy": "alpha_beta::manhattan",
      "matches": 2,
      "wins": 1,
      "losses": 1,
      "draws": 0,
      "win_rate": 0.5,
      "avg_turns": 13.0,
      "std_turns": 2.8284271247461903,
      "avg_point_diff": 0.0,
      "std_point_diff": 7.0710678118654755,
      "avg_nodes": 18.107142857142858,
      "std_nodes": 1.9697974618768102,
      "avg_prunes": 2.571428571428571,
      "std_prunes": 0.6060915267313265,
      "avg_decision_ms": 0.11208928571076762,
      "std_decision_ms": 0.015359369699915805,
      "max_latency_ms": 0.44610000077227596,
      "avg_cpu_ms": 0.0,
      "std_cpu_ms": 0.0,
      "turns_ci95_low": 9.08,
      "turns_ci95_high": 16.92,
      "point_diff_ci95_low": -9.8,
      "point_diff_ci95_high": 9.8
    },
    {
      "strategy": "minimax::manhattan",
      "matches": 2,
      "wins": 1,
      "losses": 1,
      "draws": 0,
      "win_rate": 0.5,
      "avg_turns": 13.0,
      "std_turns": 2.8284271247461903,
      "avg_point_diff": 0.0,
      "std_point_diff": 7.0710678118654755,
      "avg_nodes": 24.86904761904762,
      "std_nodes": 4.663537580682706,
      "avg_prunes": 0.0,
      "std_prunes": 0.0,
      "avg_decision_ms": 0.15625833331493294,
      "std_decision_ms": 0.03147803700669726,
      "max_latency_ms": 0.6646000001637731,
      "avg_cpu_ms": 0.0,
      "std_cpu_ms": 0.0,
      "turns_ci95_low": 9.08,
      "turns_ci95_high": 16.92,
      "point_diff_ci95_low": -9.8,
      "point_diff_ci95_high": 9.8
    },
    {
      "strategy": "alpha_beta::euclidean",
      "matches": 2,
      "wins": 1,
      "losses": 1,
      "draws": 0,
      "win_rate": 0.5,
      "avg_turns": 12.0,
      "std_turns": 1.4142135623730951,
      "avg_point_diff": 0.0,
      "std_point_diff": 7.0710678118654755,
      "avg_nodes": 21.166666666666668,
      "std_nodes": 2.8284271247461903,
      "avg_prunes": 2.916666666666667,
      "std_prunes": 0.11785113019775782,
      "avg_decision_ms": 0.1394666667238198,
      "std_decision_ms": 0.008532421520735174,
      "max_latency_ms": 0.48240000069199596,
      "avg_cpu_ms": 0.0,
      "std_cpu_ms": 0.0,
      "turns_ci95_low": 10.04,
      "turns_ci95_high": 13.96,
      "point_diff_ci95_low": -9.8,
      "point_diff_ci95_high": 9.8
    },
    {
      "strategy": "minimax::euclidean",
      "matches": 2,
      "wins": 1,
      "losses": 1,
      "draws": 0,
      "win_rate": 0.5,
      "avg_turns": 12.0,
      "std_turns": 1.4142135623730951,
      "avg_point_diff": 0.0,
      "std_point_diff": 7.0710678118654755,
      "avg_nodes": 28.583333333333336,
      "std_nodes": 0.5892556509887887,
      "avg_prunes": 0.0,
      "std_prunes": 0.0,
      "avg_decision_ms": 0.2540416665700226,
      "std_decision_ms": 0.095824753905417,
      "max_latency_ms": 0.9777999994184938,
      "avg_cpu_ms": 0.0,
      "std_cpu_ms": 0.0,
      "turns_ci95_low": 10.04,
      "turns_ci95_high": 13.96,
      "point_diff_ci95_low": -9.8,
      "point_diff_ci95_high": 9.8
    }
  ]
}